Name,Stock Count,Market Cap,atag,link
Large Cap Pharmaceutical,8,$1.803T,/stocks/industry/225/large-cap-pharmaceutical,https://www.macrotrends.net//stocks/industry/225/large-cap-pharmaceutical
Banks - Foreign,40,$1.626T,/stocks/industry/12/banks---foreign,https://www.macrotrends.net//stocks/industry/12/banks---foreign
"Property, Casualty and Title Insurance",29,$1.593T,"/stocks/industry/89/property,-casualty-and-title-insurance","https://www.macrotrends.net//stocks/industry/89/property,-casualty-and-title-insurance"
Banks - Major Regional,13,$1.559T,/stocks/industry/204/banks---major-regional,https://www.macrotrends.net//stocks/industry/204/banks---major-regional
Finance - Publicly Traded Investment Trusts,152,$1.092T,/stocks/industry/66/finance---publicly-traded-investment-trusts,https://www.macrotrends.net//stocks/industry/66/finance---publicly-traded-investment-trusts
Financial Transaction Services,18,$1.043T,/stocks/industry/282/financial-transaction-services,https://www.macrotrends.net//stocks/industry/282/financial-transaction-services
Oil & Gas - International Integrated,11,$1.001T,/stocks/industry/132/oil-gas---international-integrated,https://www.macrotrends.net//stocks/industry/132/oil-gas---international-integrated
Internet Software,58,$0.943T,/stocks/industry/214/internet-software,https://www.macrotrends.net//stocks/industry/214/internet-software
Utility - Electric Power Distribution,50,$0.932T,/stocks/industry/193/utility---electric-power-distribution,https://www.macrotrends.net//stocks/industry/193/utility---electric-power-distribution
REIT - Other Equity Trusts,96,$0.874T,/stocks/industry/266/reit---other-equity-trusts,https://www.macrotrends.net//stocks/industry/266/reit---other-equity-trusts
Medical Products Manufacturing,18,$0.788T,/stocks/industry/104/medical-products-manufacturing,https://www.macrotrends.net//stocks/industry/104/medical-products-manufacturing
Computer Software,6,$0.770T,/stocks/industry/44/computer-software,https://www.macrotrends.net//stocks/industry/44/computer-software
Semiconductor - Fabrication Foundries,1,$0.600T,/stocks/industry/262/semiconductor---fabrication-foundries,https://www.macrotrends.net//stocks/industry/262/semiconductor---fabrication-foundries
Soap and Cleaning Preparations,5,$0.597T,/stocks/industry/174/soap-and-cleaning-preparations,https://www.macrotrends.net//stocks/industry/174/soap-and-cleaning-preparations
Medical - Health Maintenance Organizations,7,$0.587T,/stocks/industry/108/medical---health-maintenance-organizations,https://www.macrotrends.net//stocks/industry/108/medical---health-maintenance-organizations
Internet Commerce,10,$0.551T,/stocks/industry/211/internet-commerce,https://www.macrotrends.net//stocks/industry/211/internet-commerce
Technology Services,55,$0.519T,/stocks/industry/283/technology-services,https://www.macrotrends.net//stocks/industry/283/technology-services
Building Products - Retail & Wholesale,5,$0.514T,/stocks/industry/25/building-products---retail-wholesale,https://www.macrotrends.net//stocks/industry/25/building-products---retail-wholesale
Finance - Investment Banks,12,$0.511T,/stocks/industry/62/finance---investment-banks,https://www.macrotrends.net//stocks/industry/62/finance---investment-banks
Diversified Operations,13,$0.484T,/stocks/industry/48/diversified-operations,https://www.macrotrends.net//stocks/industry/48/diversified-operations
Auto Manufacturers - Foreign,8,$0.476T,/stocks/industry/8/auto-manufacturers---foreign,https://www.macrotrends.net//stocks/industry/8/auto-manufacturers---foreign
Alcoholic Beverages,11,$0.450T,/stocks/industry/19/alcoholic-beverages,https://www.macrotrends.net//stocks/industry/19/alcoholic-beverages
Information Technology Services,17,$0.449T,/stocks/industry/218/information-technology-services,https://www.macrotrends.net//stocks/industry/218/information-technology-services
Medical Instruments Manufacturing,14,$0.449T,/stocks/industry/103/medical-instruments-manufacturing,https://www.macrotrends.net//stocks/industry/103/medical-instruments-manufacturing
Aerospace and Defense General,13,$0.433T,/stocks/industry/2/aerospace-and-defense-general,https://www.macrotrends.net//stocks/industry/2/aerospace-and-defense-general
Finance - Miscellaneous Services,26,$0.433T,/stocks/industry/69/finance---miscellaneous-services,https://www.macrotrends.net//stocks/industry/69/finance---miscellaneous-services
Retail - Supermarket Chains,4,$0.432T,/stocks/industry/167/retail---supermarket-chains,https://www.macrotrends.net//stocks/industry/167/retail---supermarket-chains
Wireless - National Providers,4,$0.422T,/stocks/industry/238/wireless---national-providers,https://www.macrotrends.net//stocks/industry/238/wireless---national-providers
Retail - Food & Restaurants,15,$0.369T,/stocks/industry/160/retail---food-restaurants,https://www.macrotrends.net//stocks/industry/160/retail---food-restaurants
Beverages - Soft Drinks,5,$0.365T,/stocks/industry/20/beverages---soft-drinks,https://www.macrotrends.net//stocks/industry/20/beverages---soft-drinks
Multi-Line Insurance Providers,24,$0.363T,/stocks/industry/88/multi-line-insurance-providers,https://www.macrotrends.net//stocks/industry/88/multi-line-insurance-providers
Internet Services,10,$0.351T,/stocks/industry/213/internet-services,https://www.macrotrends.net//stocks/industry/213/internet-services
Mining - Miscellaneous,24,$0.351T,/stocks/industry/116/mining---miscellaneous,https://www.macrotrends.net//stocks/industry/116/mining---miscellaneous
Media Conglomerates,3,$0.348T,/stocks/industry/208/media-conglomerates,https://www.macrotrends.net//stocks/industry/208/media-conglomerates
Transportation - Rail,6,$0.344T,/stocks/industry/189/transportation---rail,https://www.macrotrends.net//stocks/industry/189/transportation---rail
Tobacco Products,7,$0.331T,/stocks/industry/183/tobacco-products,https://www.macrotrends.net//stocks/industry/183/tobacco-products
Other Alternate Energy,19,$0.328T,/stocks/industry/273/other-alternate-energy,https://www.macrotrends.net//stocks/industry/273/other-alternate-energy
Finance - Investment Management,36,$0.327T,/stocks/industry/63/finance---investment-management,https://www.macrotrends.net//stocks/industry/63/finance---investment-management
General Industrial Machinery,25,$0.324T,/stocks/industry/99/general-industrial-machinery,https://www.macrotrends.net//stocks/industry/99/general-industrial-machinery
Chemicals - Diversified,25,$0.302T,/stocks/industry/34/chemicals---diversified,https://www.macrotrends.net//stocks/industry/34/chemicals---diversified
Retail - Discount & Variety,5,$0.276T,/stocks/industry/158/retail---discount-variety,https://www.macrotrends.net//stocks/industry/158/retail---discount-variety
Shoes & Related Apparel,6,$0.262T,/stocks/industry/173/shoes-related-apparel,https://www.macrotrends.net//stocks/industry/173/shoes-related-apparel
Oil & Gas - Field Services,20,$0.259T,/stocks/industry/131/oil-gas----field-services,https://www.macrotrends.net//stocks/industry/131/oil-gas----field-services
Aerospace and Defense Equipment,17,$0.258T,/stocks/industry/3/aerospace-and-defense-equipment,https://www.macrotrends.net//stocks/industry/3/aerospace-and-defense-equipment
Consulting Services,7,$0.255T,/stocks/industry/277/consulting-services,https://www.macrotrends.net//stocks/industry/277/consulting-services
REIT - Residential Equity Trusts,23,$0.244T,/stocks/industry/265/reit---residential-equity-trusts,https://www.macrotrends.net//stocks/industry/265/reit---residential-equity-trusts
Food Items - Miscellaneous/Diversified,23,$0.239T,/stocks/industry/76/food-items---miscellaneous-diversified,https://www.macrotrends.net//stocks/industry/76/food-items---miscellaneous-diversified
Transportation - Air Freight,4,$0.233T,/stocks/industry/186/transportation---air-freight,https://www.macrotrends.net//stocks/industry/186/transportation---air-freight
Medical & Dental Supplies,9,$0.232T,/stocks/industry/113/medical-dental-supplies,https://www.macrotrends.net//stocks/industry/113/medical-dental-supplies
Electrical Machinery,11,$0.225T,/stocks/industry/97/electrical-machinery,https://www.macrotrends.net//stocks/industry/97/electrical-machinery
Business Information Services,7,$0.221T,/stocks/industry/206/business-information-services,https://www.macrotrends.net//stocks/industry/206/business-information-services
Emerging Markets Integrated,5,$0.219T,/stocks/industry/223/emerging-markets-integrated,https://www.macrotrends.net//stocks/industry/223/emerging-markets-integrated
Oil & Gas - Production and Pipelines,10,$0.209T,/stocks/industry/135/oil-gas---production-and-pipelines,https://www.macrotrends.net//stocks/industry/135/oil-gas---production-and-pipelines
Insurance Brokers,6,$0.200T,/stocks/industry/86/insurance-brokers,https://www.macrotrends.net//stocks/industry/86/insurance-brokers
Oil & Gas - US Exploration and Production,30,$0.200T,/stocks/industry/136/oil-gas---us-exploration-and-production,https://www.macrotrends.net//stocks/industry/136/oil-gas---us-exploration-and-production
Medical - Biomedical and Genetics,14,$0.193T,/stocks/industry/105/medical---biomedical-and-genetics,https://www.macrotrends.net//stocks/industry/105/medical---biomedical-and-genetics
Medical - Drug Manufacturing,12,$0.190T,/stocks/industry/106/medical---drug-manufacturing,https://www.macrotrends.net//stocks/industry/106/medical---drug-manufacturing
Building & Construction Products - Misc.,20,$0.179T,/stocks/industry/21/building-construction-products---misc,https://www.macrotrends.net//stocks/industry/21/building-construction-products---misc
Waste Removal Services,8,$0.174T,/stocks/industry/287/waste-removal-services,https://www.macrotrends.net//stocks/industry/287/waste-removal-services
Diversified Communication Services,7,$0.172T,/stocks/industry/232/diversified-communication-services,https://www.macrotrends.net//stocks/industry/232/diversified-communication-services
Oil & Gas - US Integrated,12,$0.164T,/stocks/industry/137/oil-gas---us-integrated,https://www.macrotrends.net//stocks/industry/137/oil-gas---us-integrated
Real Estate Operations,18,$0.164T,/stocks/industry/153/real-estate-operations,https://www.macrotrends.net//stocks/industry/153/real-estate-operations
Life Insurance Providers,11,$0.164T,/stocks/industry/87/life-insurance-providers,https://www.macrotrends.net//stocks/industry/87/life-insurance-providers
Medical Services,14,$0.162T,/stocks/industry/285/medical-services,https://www.macrotrends.net//stocks/industry/285/medical-services
Finance - Consumer Loands,13,$0.161T,/stocks/industry/61/finance---consumer-loands,https://www.macrotrends.net//stocks/industry/61/finance---consumer-loands
Auto Manufacturers - Domestic,9,$0.160T,/stocks/industry/7/auto-manufacturers---domestic,https://www.macrotrends.net//stocks/industry/7/auto-manufacturers---domestic
Leisure & Recreation Services,25,$0.159T,/stocks/industry/92/leisure-recreation-services,https://www.macrotrends.net//stocks/industry/92/leisure-recreation-services
Consumer Products - Misc. Discretionary,17,$0.156T,/stocks/industry/207/consumer-products---misc-discretionary,https://www.macrotrends.net//stocks/industry/207/consumer-products---misc-discretionary
Audio & Video Home Production,3,$0.153T,/stocks/industry/6/audio-video-home-production,https://www.macrotrends.net//stocks/industry/6/audio-video-home-production
Chemicals - Specialty,23,$0.153T,/stocks/industry/37/chemicals---specialty,https://www.macrotrends.net//stocks/industry/37/chemicals---specialty
Auto & Truck Original Equipment Manufacturers,30,$0.150T,/stocks/industry/10/auto-truck-original-equipment-manufacturers,https://www.macrotrends.net//stocks/industry/10/auto-truck-original-equipment-manufacturers
Business Software Services,6,$0.150T,/stocks/industry/216/business-software-services,https://www.macrotrends.net//stocks/industry/216/business-software-services
REIT - Retail Equity Trusts,25,$0.150T,/stocks/industry/264/reit---retail-equity-trusts,https://www.macrotrends.net//stocks/industry/264/reit---retail-equity-trusts
Building - Residential and Commercial,16,$0.148T,/stocks/industry/31/building---residential-and-commercial,https://www.macrotrends.net//stocks/industry/31/building---residential-and-commercial
Computers - Integrated Systems,5,$0.148T,/stocks/industry/203/computers---integrated-systems,https://www.macrotrends.net//stocks/industry/203/computers---integrated-systems
Wireless - Non-US Providers,10,$0.143T,/stocks/industry/240/wireless---non-us-providers,https://www.macrotrends.net//stocks/industry/240/wireless---non-us-providers
Cosmetics and Toiletries,6,$0.138T,/stocks/industry/47/cosmetics-and-toiletries,https://www.macrotrends.net//stocks/industry/47/cosmetics-and-toiletries
Steel Producers,11,$0.123T,/stocks/industry/176/steel-producers,https://www.macrotrends.net//stocks/industry/176/steel-producers
Gold Miners,18,$0.121T,/stocks/industry/114/gold-miners,https://www.macrotrends.net//stocks/industry/114/gold-miners
Farm Machinery,5,$0.121T,/stocks/industry/98/farm-machinery,https://www.macrotrends.net//stocks/industry/98/farm-machinery
Retail - Drug Stores,4,$0.118T,/stocks/industry/159/retail---drug-stores,https://www.macrotrends.net//stocks/industry/159/retail---drug-stores
Utility - Natural Gas Distribution,13,$0.118T,/stocks/industry/194/utility---natural-gas-distribution,https://www.macrotrends.net//stocks/industry/194/utility---natural-gas-distribution
Oil Refining & Marketing,11,$0.117T,/stocks/industry/128/oil-refining-marketing,https://www.macrotrends.net//stocks/industry/128/oil-refining-marketing
Gaming,10,$0.116T,/stocks/industry/200/gaming,https://www.macrotrends.net//stocks/industry/200/gaming
Construction and Mining Machinery,3,$0.112T,/stocks/industry/95/construction-and-mining-machinery,https://www.macrotrends.net//stocks/industry/95/construction-and-mining-machinery
Electrical Test Equipment,3,$0.108T,/stocks/industry/260/electrical-test-equipment,https://www.macrotrends.net//stocks/industry/260/electrical-test-equipment
Transportation - Airlines,13,$0.107T,/stocks/industry/187/transportation---airlines,https://www.macrotrends.net//stocks/industry/187/transportation---airlines
Medical - Hospitals,5,$0.106T,/stocks/industry/109/medical---hospitals,https://www.macrotrends.net//stocks/industry/109/medical---hospitals
Internet Content,9,$0.100T,/stocks/industry/212/internet-content,https://www.macrotrends.net//stocks/industry/212/internet-content
Wireless Equipment Manufacturers,4,$0.100T,/stocks/industry/229/wireless-equipment-manufacturers,https://www.macrotrends.net//stocks/industry/229/wireless-equipment-manufacturers
Oil & Gas - Production and Pipelines MLP,11,$0.098T,/stocks/industry/221/oil-gas---production-and-pipelines-mlp,https://www.macrotrends.net//stocks/industry/221/oil-gas---production-and-pipelines-mlp
Retail - Apparel & Shoes,23,$0.095T,/stocks/industry/154/retail---apparel-shoes,https://www.macrotrends.net//stocks/industry/154/retail---apparel-shoes
Mining - Non-Ferrous,5,$0.095T,/stocks/industry/117/mining---non-ferrous,https://www.macrotrends.net//stocks/industry/117/mining---non-ferrous
Protection - Safety Equipment & Services,7,$0.090T,/stocks/industry/146/protection---safety-equipment-services,https://www.macrotrends.net//stocks/industry/146/protection---safety-equipment-services
Hotels & Motels,10,$0.087T,/stocks/industry/81/hotels-motels,https://www.macrotrends.net//stocks/industry/81/hotels-motels
Paints & Allied Products,2,$0.087T,/stocks/industry/139/paints-allied-products,https://www.macrotrends.net//stocks/industry/139/paints-allied-products
Fertilizer Manufacturers,8,$0.086T,/stocks/industry/59/fertilizer-manufacturers,https://www.macrotrends.net//stocks/industry/59/fertilizer-manufacturers
Textile - Apparel Manufacturing,12,$0.082T,/stocks/industry/180/textile---apparel-manufacturing,https://www.macrotrends.net//stocks/industry/180/textile---apparel-manufacturing
Scientific Instruments Manufacturing,3,$0.081T,/stocks/industry/84/scientific-instruments-manufacturing,https://www.macrotrends.net//stocks/industry/84/scientific-instruments-manufacturing
Medical - Outpatient & Home Care,9,$0.076T,/stocks/industry/111/medical---outpatient-home-care,https://www.macrotrends.net//stocks/industry/111/medical---outpatient-home-care
Containers - Paper & Plastic,9,$0.075T,/stocks/industry/46/containers---paper-plastic,https://www.macrotrends.net//stocks/industry/46/containers---paper-plastic
Iron Miners,2,$0.075T,/stocks/industry/115/iron-miners,https://www.macrotrends.net//stocks/industry/115/iron-miners
Communication Components Manufacturers,7,$0.075T,/stocks/industry/230/communication-components-manufacturers,https://www.macrotrends.net//stocks/industry/230/communication-components-manufacturers
Building Products - Wood,11,$0.074T,/stocks/industry/26/building-products---wood,https://www.macrotrends.net//stocks/industry/26/building-products---wood
Retail & Wholesale Auto Parts,3,$0.074T,/stocks/industry/9/retail-wholesale-auto-parts,https://www.macrotrends.net//stocks/industry/9/retail-wholesale-auto-parts
Engineering - Research & Development Services,9,$0.071T,/stocks/industry/57/engineering---research-development-services,https://www.macrotrends.net//stocks/industry/57/engineering---research-development-services
Unclassified,149,$0.070T,/stocks/industry/500/unclassified,https://www.macrotrends.net//stocks/industry/500/unclassified
Miscelleneous Electrical Components,10,$0.069T,/stocks/industry/50/miscelleneous-electrical-components,https://www.macrotrends.net//stocks/industry/50/miscelleneous-electrical-components
REIT - Mortgage Trusts,33,$0.069T,/stocks/industry/151/reit---mortgage-trusts,https://www.macrotrends.net//stocks/industry/151/reit---mortgage-trusts
Agricultural Operations,9,$0.069T,/stocks/industry/4/agricultural-operations,https://www.macrotrends.net//stocks/industry/4/agricultural-operations
"Building - Cement, Concrete and Aggregates",7,$0.068T,"/stocks/industry/27/building---cement,-concrete-and-aggregates","https://www.macrotrends.net//stocks/industry/27/building---cement,-concrete-and-aggregates"
Securities Exchanges,1,$0.067T,/stocks/industry/276/securities-exchanges,https://www.macrotrends.net//stocks/industry/276/securities-exchanges
Transportation - Services,12,$0.062T,/stocks/industry/191/transportation---services,https://www.macrotrends.net//stocks/industry/191/transportation---services
Paper & Paper Products,11,$0.060T,/stocks/industry/140/paper-paper-products,https://www.macrotrends.net//stocks/industry/140/paper-paper-products
Utility - Water Supply,7,$0.059T,/stocks/industry/196/utility---water-supply,https://www.macrotrends.net//stocks/industry/196/utility---water-supply
Retail - Home Furnishings,9,$0.056T,/stocks/industry/161/retail---home-furnishings,https://www.macrotrends.net//stocks/industry/161/retail---home-furnishings
Oil & Gas - Canadian Exploration & Production,5,$0.054T,/stocks/industry/129/oil-gas---canadian-exploration-production,https://www.macrotrends.net//stocks/industry/129/oil-gas---canadian-exploration-production
Electrical Products - Miscellaneous,6,$0.053T,/stocks/industry/52/electrical-products---miscellaneous,https://www.macrotrends.net//stocks/industry/52/electrical-products---miscellaneous
Food Items - Meat Products,3,$0.052T,/stocks/industry/75/food-items---meat-products,https://www.macrotrends.net//stocks/industry/75/food-items---meat-products
Cable TV Providers,4,$0.051T,/stocks/industry/33/cable-tv-providers,https://www.macrotrends.net//stocks/industry/33/cable-tv-providers
Semiconductors,5,$0.050T,/stocks/industry/49/semiconductors,https://www.macrotrends.net//stocks/industry/49/semiconductors
Advertising and Marketing Services,5,$0.050T,/stocks/industry/1/advertising-and-marketing-services,https://www.macrotrends.net//stocks/industry/1/advertising-and-marketing-services
Oil & Gas - Canadian Integrated,2,$0.049T,/stocks/industry/130/oil-gas---canadian-integrated,https://www.macrotrends.net//stocks/industry/130/oil-gas---canadian-integrated
Banks - West,4,$0.049T,/stocks/industry/18/banks---west,https://www.macrotrends.net//stocks/industry/18/banks---west
Security,1,$0.048T,/stocks/industry/256/security,https://www.macrotrends.net//stocks/industry/256/security
Electrical Connectors,2,$0.048T,/stocks/industry/53/electrical-connectors,https://www.macrotrends.net//stocks/industry/53/electrical-connectors
Industrial Services,9,$0.045T,/stocks/industry/286/industrial-services,https://www.macrotrends.net//stocks/industry/286/industrial-services
Containers - Metal & Glass,2,$0.044T,/stocks/industry/45/containers---metal-glass,https://www.macrotrends.net//stocks/industry/45/containers---metal-glass
Transportation - Equipment & Leasing,10,$0.044T,/stocks/industry/188/transportation---equipment-leasing,https://www.macrotrends.net//stocks/industry/188/transportation---equipment-leasing
Internet Software & Services,7,$0.043T,/stocks/industry/217/internet-software-services,https://www.macrotrends.net//stocks/industry/217/internet-software-services
Banks - Southeast,9,$0.043T,/stocks/industry/16/banks---southeast,https://www.macrotrends.net//stocks/industry/16/banks---southeast
Retail - Consumer Electronics,3,$0.042T,/stocks/industry/156/retail---consumer-electronics,https://www.macrotrends.net//stocks/industry/156/retail---consumer-electronics
Semiconductor - General,1,$0.042T,/stocks/industry/241/semiconductor---general,https://www.macrotrends.net//stocks/industry/241/semiconductor---general
Building Products - Air Conditioning & Heating,5,$0.041T,/stocks/industry/22/building-products---air-conditioning-heating,https://www.macrotrends.net//stocks/industry/22/building-products---air-conditioning-heating
Insurance - Accident & Health,3,$0.041T,/stocks/industry/85/insurance---accident-health,https://www.macrotrends.net//stocks/industry/85/insurance---accident-health
Outsourcing Services,7,$0.039T,/stocks/industry/281/outsourcing-services,https://www.macrotrends.net//stocks/industry/281/outsourcing-services
Food Items - Confectionery,2,$0.038T,/stocks/industry/72/food-items---confectionery,https://www.macrotrends.net//stocks/industry/72/food-items---confectionery
Retail and Wholesale Auto & Truck,6,$0.038T,/stocks/industry/210/retail-and-wholesale-auto-truck,https://www.macrotrends.net//stocks/industry/210/retail-and-wholesale-auto-truck
Retail - Miscellaneous & Diversified,9,$0.036T,/stocks/industry/165/retail---miscellaneous-diversified,https://www.macrotrends.net//stocks/industry/165/retail---miscellaneous-diversified
Computers - Minicomputers,2,$0.036T,/stocks/industry/199/computers---minicomputers,https://www.macrotrends.net//stocks/industry/199/computers---minicomputers
Leisure & Recreation Products,8,$0.035T,/stocks/industry/91/leisure-recreation-products,https://www.macrotrends.net//stocks/industry/91/leisure-recreation-products
Oil Refining & Marketing MLP,10,$0.035T,/stocks/industry/220/oil-refining-marketing-mlp,https://www.macrotrends.net//stocks/industry/220/oil-refining-marketing-mlp
Machine Tools & Related Products,3,$0.035T,/stocks/industry/94/machine-tools-related-products,https://www.macrotrends.net//stocks/industry/94/machine-tools-related-products
Finance - Savings & Loans,6,$0.035T,/stocks/industry/67/finance---savings-loans,https://www.macrotrends.net//stocks/industry/67/finance---savings-loans
Industrial Automation & Robotics,1,$0.035T,/stocks/industry/82/industrial-automation-robotics,https://www.macrotrends.net//stocks/industry/82/industrial-automation-robotics
Electrical Measuring Instruments,3,$0.034T,/stocks/industry/51/electrical-measuring-instruments,https://www.macrotrends.net//stocks/industry/51/electrical-measuring-instruments
Internal Combustion Engines,1,$0.033T,/stocks/industry/58/internal-combustion-engines,https://www.macrotrends.net//stocks/industry/58/internal-combustion-engines
Medical - Generic Drugs,3,$0.031T,/stocks/industry/107/medical---generic-drugs,https://www.macrotrends.net//stocks/industry/107/medical---generic-drugs
Transportation - Shipping,32,$0.030T,/stocks/industry/190/transportation---shipping,https://www.macrotrends.net//stocks/industry/190/transportation---shipping
Electrical Power,2,$0.029T,/stocks/industry/254/electrical-power,https://www.macrotrends.net//stocks/industry/254/electrical-power
Computer - Services,2,$0.029T,/stocks/industry/43/computer---services,https://www.macrotrends.net//stocks/industry/43/computer---services
Schools,17,$0.028T,/stocks/industry/172/schools,https://www.macrotrends.net//stocks/industry/172/schools
Office Automation & Equipment,2,$0.027T,/stocks/industry/124/office-automation-equipment,https://www.macrotrends.net//stocks/industry/124/office-automation-equipment
Medical Information Systems,9,$0.027T,/stocks/industry/215/medical-information-systems,https://www.macrotrends.net//stocks/industry/215/medical-information-systems
Staffing Services,5,$0.027T,/stocks/industry/278/staffing-services,https://www.macrotrends.net//stocks/industry/278/staffing-services
Banks - Southwest,5,$0.026T,/stocks/industry/17/banks---southwest,https://www.macrotrends.net//stocks/industry/17/banks---southwest
Consumer Products - Miscellaneous Staples,10,$0.024T,/stocks/industry/289/consumer-products---miscellaneous-staples,https://www.macrotrends.net//stocks/industry/289/consumer-products---miscellaneous-staples
Metal Production & Distribution,4,$0.024T,/stocks/industry/120/metal-production-distribution,https://www.macrotrends.net//stocks/industry/120/metal-production-distribution
Building - Maintenance and Services,3,$0.022T,/stocks/industry/29/building---maintenance-and-services,https://www.macrotrends.net//stocks/industry/29/building---maintenance-and-services
Auto & Truck Replacement Parts,4,$0.022T,/stocks/industry/11/auto-truck-replacement-parts,https://www.macrotrends.net//stocks/industry/11/auto-truck-replacement-parts
Tools - Hand Held,3,$0.022T,/stocks/industry/184/tools---hand-held,https://www.macrotrends.net//stocks/industry/184/tools---hand-held
Finance - Mortgages and Related Services,14,$0.021T,/stocks/industry/65/finance---mortgages-and-related-services,https://www.macrotrends.net//stocks/industry/65/finance---mortgages-and-related-services
Internet Services - Delivery,4,$0.021T,/stocks/industry/219/internet-services---delivery,https://www.macrotrends.net//stocks/industry/219/internet-services---delivery
Banks - Northeast,9,$0.021T,/stocks/industry/15/banks---northeast,https://www.macrotrends.net//stocks/industry/15/banks---northeast
Broadcasting - Radio & TV,9,$0.021T,/stocks/industry/32/broadcasting---radio-tv,https://www.macrotrends.net//stocks/industry/32/broadcasting---radio-tv
Steel - Pipe & Tubes,4,$0.020T,/stocks/industry/175/steel---pipe-tubes,https://www.macrotrends.net//stocks/industry/175/steel---pipe-tubes
Retail - Regional Department Stores,3,$0.020T,/stocks/industry/166/retail---regional-department-stores,https://www.macrotrends.net//stocks/industry/166/retail---regional-department-stores
Agricultural Products,3,$0.020T,/stocks/industry/275/agricultural-products,https://www.macrotrends.net//stocks/industry/275/agricultural-products
Office Supplies and Forms,3,$0.019T,/stocks/industry/125/office-supplies-and-forms,https://www.macrotrends.net//stocks/industry/125/office-supplies-and-forms
Control Instruments Manufacturing,4,$0.018T,/stocks/industry/83/control-instruments-manufacturing,https://www.macrotrends.net//stocks/industry/83/control-instruments-manufacturing
Household Appliances,4,$0.018T,/stocks/industry/5/household-appliances,https://www.macrotrends.net//stocks/industry/5/household-appliances
Building - Heavy Construction,7,$0.018T,/stocks/industry/28/building---heavy-construction,https://www.macrotrends.net//stocks/industry/28/building---heavy-construction
Thermal Processing Machinery,2,$0.018T,/stocks/industry/102/thermal-processing-machinery,https://www.macrotrends.net//stocks/industry/102/thermal-processing-machinery
Business Services,11,$0.017T,/stocks/industry/205/business-services,https://www.macrotrends.net//stocks/industry/205/business-services
Finance - SBIC & Commercial,10,$0.016T,/stocks/industry/68/finance---sbic-commercial,https://www.macrotrends.net//stocks/industry/68/finance---sbic-commercial
Government Services,2,$0.016T,/stocks/industry/284/government-services,https://www.macrotrends.net//stocks/industry/284/government-services
Computer Storage Devices,2,$0.014T,/stocks/industry/202/computer-storage-devices,https://www.macrotrends.net//stocks/industry/202/computer-storage-devices
Electronics Parts Distribution,2,$0.014T,/stocks/industry/54/electronics-parts-distribution,https://www.macrotrends.net//stocks/industry/54/electronics-parts-distribution
Metal Processing & Fabrication,7,$0.014T,/stocks/industry/119/metal-processing-fabrication,https://www.macrotrends.net//stocks/industry/119/metal-processing-fabrication
Chemicals - Plastics,3,$0.014T,/stocks/industry/36/chemicals---plastics,https://www.macrotrends.net//stocks/industry/36/chemicals---plastics
Funeral Services,3,$0.014T,/stocks/industry/78/funeral-services,https://www.macrotrends.net//stocks/industry/78/funeral-services
Textile - Home Furnishings,2,$0.013T,/stocks/industry/181/textile---home-furnishings,https://www.macrotrends.net//stocks/industry/181/textile---home-furnishings
Movie & TV Production and Distribution,5,$0.012T,/stocks/industry/122/movie-tv-production-and-distribution,https://www.macrotrends.net//stocks/industry/122/movie-tv-production-and-distribution
Building - Mobile Home & RV Manufacturing,3,$0.012T,/stocks/industry/30/building---mobile-home-rv-manufacturing,https://www.macrotrends.net//stocks/industry/30/building---mobile-home-rv-manufacturing
Real Estate Development,9,$0.012T,/stocks/industry/152/real-estate-development,https://www.macrotrends.net//stocks/industry/152/real-estate-development
Electrical Manufacturing Services (EMS),3,$0.011T,/stocks/industry/261/electrical-manufacturing-services-ems,https://www.macrotrends.net//stocks/industry/261/electrical-manufacturing-services-ems
Silver Miners,6,$0.011T,/stocks/industry/118/silver-miners,https://www.macrotrends.net//stocks/industry/118/silver-miners
Electrical Utility Machinery,1,$0.010T,/stocks/industry/96/electrical-utility-machinery,https://www.macrotrends.net//stocks/industry/96/electrical-utility-machinery
Oil & Gas - Drilling,9,$0.010T,/stocks/industry/134/oil-gas---drilling,https://www.macrotrends.net//stocks/industry/134/oil-gas---drilling
Newspaper Publishing,1,$0.009T,/stocks/industry/148/newspaper-publishing,https://www.macrotrends.net//stocks/industry/148/newspaper-publishing
Transportation - Truck,1,$0.009T,/stocks/industry/192/transportation---truck,https://www.macrotrends.net//stocks/industry/192/transportation---truck
Wire & Cable Products,3,$0.008T,/stocks/industry/197/wire-cable-products,https://www.macrotrends.net//stocks/industry/197/wire-cable-products
Finance - Leasing Companies,1,$0.008T,/stocks/industry/64/finance---leasing-companies,https://www.macrotrends.net//stocks/industry/64/finance---leasing-companies
Furniture Manufacturing,3,$0.008T,/stocks/industry/79/furniture-manufacturing,https://www.macrotrends.net//stocks/industry/79/furniture-manufacturing
Fiber Optic Manufacturers,1,$0.008T,/stocks/industry/60/fiber-optic-manufacturers,https://www.macrotrends.net//stocks/industry/60/fiber-optic-manufacturers
Pollution Control Equipment & Services,1,$0.008T,/stocks/industry/143/pollution-control-equipment-services,https://www.macrotrends.net//stocks/industry/143/pollution-control-equipment-services
Solar Equipment and Services,4,$0.007T,/stocks/industry/268/solar-equipment-and-services,https://www.macrotrends.net//stocks/industry/268/solar-equipment-and-services
Food Items - Wholesale,2,$0.007T,/stocks/industry/70/food-items---wholesale,https://www.macrotrends.net//stocks/industry/70/food-items---wholesale
Auction & Valuation Services,1,$0.007T,/stocks/industry/280/auction-valuation-services,https://www.macrotrends.net//stocks/industry/280/auction-valuation-services
Computer - Peripherals,1,$0.006T,/stocks/industry/42/computer---peripherals,https://www.macrotrends.net//stocks/industry/42/computer---peripherals
Building Products - Lighting Fixtures,1,$0.006T,/stocks/industry/24/building-products---lighting-fixtures,https://www.macrotrends.net//stocks/industry/24/building-products---lighting-fixtures
Book Publishing,2,$0.006T,/stocks/industry/147/book-publishing,https://www.macrotrends.net//stocks/industry/147/book-publishing
Business & Office Products,3,$0.005T,/stocks/industry/288/business-office-products,https://www.macrotrends.net//stocks/industry/288/business-office-products
Retail - Jewelry Stores,2,$0.005T,/stocks/industry/162/retail---jewelry-stores,https://www.macrotrends.net//stocks/industry/162/retail---jewelry-stores
Steel - Specialty Alloys,3,$0.005T,/stocks/industry/177/steel---specialty-alloys,https://www.macrotrends.net//stocks/industry/177/steel---specialty-alloys
Semiconductor - Analog & Mixed,2,$0.005T,/stocks/industry/242/semiconductor---analog-mixed,https://www.macrotrends.net//stocks/industry/242/semiconductor---analog-mixed
Uniforms & Related Apparel,1,$0.004T,/stocks/industry/93/uniforms-related-apparel,https://www.macrotrends.net//stocks/industry/93/uniforms-related-apparel
Nanotechnology Equipment and Services,1,$0.004T,/stocks/industry/274/nanotechnology-equipment-and-services,https://www.macrotrends.net//stocks/industry/274/nanotechnology-equipment-and-services
Coal Mining and Production,6,$0.004T,/stocks/industry/38/coal-mining-and-production,https://www.macrotrends.net//stocks/industry/38/coal-mining-and-production
Oil Field Machinery & Equipment,8,$0.004T,/stocks/industry/127/oil-field-machinery-equipment,https://www.macrotrends.net//stocks/industry/127/oil-field-machinery-equipment
Banks - Midwest,1,$0.003T,/stocks/industry/13/banks---midwest,https://www.macrotrends.net//stocks/industry/13/banks---midwest
Biofuels Equipment and Services,3,$0.003T,/stocks/industry/270/biofuels-equipment-and-services,https://www.macrotrends.net//stocks/industry/270/biofuels-equipment-and-services
Textile - Mill Products,2,$0.003T,/stocks/industry/182/textile---mill-products,https://www.macrotrends.net//stocks/industry/182/textile---mill-products
Periodical Publishing,2,$0.003T,/stocks/industry/149/periodical-publishing,https://www.macrotrends.net//stocks/industry/149/periodical-publishing
E&P MLP,3,$0.003T,/stocks/industry/224/e-p-mlp,https://www.macrotrends.net//stocks/industry/224/e-p-mlp
International E&P,3,$0.003T,/stocks/industry/222/international-e-p,https://www.macrotrends.net//stocks/industry/222/international-e-p
Communications Network Software,3,$0.003T,/stocks/industry/231/communications-network-software,https://www.macrotrends.net//stocks/industry/231/communications-network-software
Rubber & Plastic Products,2,$0.003T,/stocks/industry/170/rubber-plastic-products,https://www.macrotrends.net//stocks/industry/170/rubber-plastic-products
Semiconductor - Discretes,1,$0.003T,/stocks/industry/247/semiconductor---discretes,https://www.macrotrends.net//stocks/industry/247/semiconductor---discretes
Glass Products Manufacturing,1,$0.002T,/stocks/industry/80/glass-products-manufacturing,https://www.macrotrends.net//stocks/industry/80/glass-products-manufacturing
Wireline - National Providers,1,$0.002T,/stocks/industry/233/wireline---national-providers,https://www.macrotrends.net//stocks/industry/233/wireline---national-providers
Satellite Communication,2,$0.002T,/stocks/industry/237/satellite-communication,https://www.macrotrends.net//stocks/industry/237/satellite-communication
Oil & Gas - US Royalty,10,$0.002T,/stocks/industry/126/oil-gas---us-royalty,https://www.macrotrends.net//stocks/industry/126/oil-gas---us-royalty
Wireline - Non US Providers,2,$0.002T,/stocks/industry/235/wireline---non-us-providers,https://www.macrotrends.net//stocks/industry/235/wireline---non-us-providers
Printing & Trade Machinery,1,$0.002T,/stocks/industry/101/printing-trade-machinery,https://www.macrotrends.net//stocks/industry/101/printing-trade-machinery
Material Handling Machinery,1,$0.001T,/stocks/industry/100/material-handling-machinery,https://www.macrotrends.net//stocks/industry/100/material-handling-machinery
Medical - Nursing Homes,3,$0.001T,/stocks/industry/110/medical---nursing-homes,https://www.macrotrends.net//stocks/industry/110/medical---nursing-homes
Semiconductors - Communication,1,$0.000T,/stocks/industry/226/semiconductors---communication,https://www.macrotrends.net//stocks/industry/226/semiconductors---communication
Retail - Mail Order,1,$0.000T,/stocks/industry/163/retail---mail-order--,https://www.macrotrends.net//stocks/industry/163/retail---mail-order--
Commercial Printing Services,2,$0.000T,/stocks/industry/145/commercial-printing-services,https://www.macrotrends.net//stocks/industry/145/commercial-printing-services
